periodo,so_tipo,so_nombre,preg_1,preg_2,preg_3,preg_4,preg_5,preg_6,preg_7,preg_8,preg_9,preg_10,preg_11,preg_12,preg_13,preg_14,preg_15,preg_16,preg_17,preg_18,preg_19,preg_20,cant_item_TA,cant_item_TP,pondera_ta_subindice,pondera_tp_subindice_a,pondera_tp_subindice_b,pondera_ta_indice,pondera_tp_indice_a,pondera_tp_indice_b,TA,TP,IT
2° Trimestre 2024 (Abril - Junio),Organismos Descentralizados,Instituto Nacional del Teatro,0.3333333333333333,0,0.08333333333333333,0.8333333333333334,0.5,0.8333333333333334,0,0,0,0,0.16666666666666666,0,0,0,0,0,0,0,0.6666666666666666,0,13,6,0.07692307692307693,0.08333333333333333,0.5,0.06923076923076923,0.008333333333333333,0.05,21.153846153846157,5.555555555555555,19.594017094017094
2° Trimestre 2024 (Abril - Junio),Organismos Descentralizados,Agencia de Acceso a la Información Pública,1,1,1,1,1,1,1,0,1,1,1,1,1,1,1,1,1,1,1,1,12,6,0.08333333333333333,0.08333333333333333,0.5,0.075,0.008333333333333333,0.05,100,100,99.99999999999997
2° Trimestre 2024 (Abril - Junio),Organismos Descentralizados,Instituto Nacional del Cáncer,0.3333333333333333,0,0.5,0.8333333333333334,0.5,0,0,0,1,0,0.5,0,0,0,0,0,0.3333333333333333,0,0,0.6666666666666666,13,6,0.07692307692307693,0.08333333333333333,0.5,0.06923076923076923,0.008333333333333333,0.05,28.205128205128204,36.11111111111111,28.995726495726498
2° Trimestre 2024 (Abril - Junio),Organismos Descentralizados,Instituto Nacional de Tecnología Industrial,1,0,1,1,0.5,1,1,0,1,0.5833333333333334,1,1,0,0,1,1,1,0,1,0.6666666666666666,11,6,0.09090909090909091,0.08333333333333333,0.5,0.08181818181818182,0.008333333333333333,0.05,82.57575757575758,66.66666666666666,80.98484848484847
2° Trimestre 2024 (Abril - Junio),Entes del Sector Público Nacional,Autoridad de Cuenca Matanza Riachuelo (ACUMAR),1,1,0.8333333333333334,0.8333333333333334,0.5,0.8333333333333334,0.5,0,1,0.4166666666666667,1,1,0.8333333333333334,0,1,0,1,0,0.6666666666666666,1,12,5,0.08333333333333333,0.1,0.5,0.075,0.01,0.05,81.25000000000001,76.66666666666666,80.79166666666666
2° Trimestre 2024 (Abril - Junio),Entes del Sector Público Nacional,Agencia de Planificación (APLA),0.6666666666666666,0,0.8333333333333334,0.8333333333333334,0,0,0.5,0,0.5,0,0.8333333333333334,0,0,0,0,0.8333333333333334,0,1,0,0.6666666666666666,10,6,0.1,0.08333333333333333,0.5,0.09,0.008333333333333333,0.05,41.66666666666667,48.61111111111111,42.36111111111111
2° Trimestre 2024 (Abril - Junio),Administración Central y Desconcentrada,Oficina Anticorrupción,1,1,1,0.8333333333333334,1,1,1,0,1,0,1,1,1,1,1,0,0,0,1,0.6666666666666666,12,6,0.08333333333333333,0.08333333333333333,0.5,0.075,0.008333333333333333,0.05,90.27777777777779,58.33333333333333,87.08333333333331
2° Trimestre 2024 (Abril - Junio),Organismos Descentralizados,Fundación Miguel Lillo,0.3333333333333333,0.16666666666666666,0.4166666666666667,0.5833333333333334,0,0.5,0.5,0,0.8333333333333334,0.8333333333333334,1,0,0,0,0,0,0,0,0,0,13,6,0.07692307692307693,0.08333333333333333,0.5,0.06923076923076923,0.008333333333333333,0.05,39.743589743589745,0,35.769230769230774
2° Trimestre 2024 (Abril - Junio),Organismos Descentralizados,Instituto Nacional de Asuntos Indígenas,0.3333333333333333,0,0,0,0,0,0,0,0,0,0,0,0,0,0,0,0,0,0,0.3333333333333333,13,6,0.07692307692307693,0.08333333333333333,0.5,0.06923076923076923,0.008333333333333333,0.05,2.564102564102564,16.666666666666664,3.974358974358974
2° Trimestre 2024 (Abril - Junio),Organismos Descentralizados,"Instituto Nacional de Agricultura Familiar, Campesina e Indígena",0.3333333333333333,0,0,0,0,0,0,0,0,0,0,0,0,0,0,0,0,0,0,0,13,6,0.07692307692307693,0.08333333333333333,0.5,0.06923076923076923,0.008333333333333333,0.05,2.564102564102564,0,2.307692307692308
2° Trimestre 2024 (Abril - Junio),Entes del Sector Público Nacional,Banco Central de la República Argentina,0.6666666666666666,1,0.9166666666666666,0.8333333333333334,0.5,0.6666666666666666,0.8333333333333334,0,1,0.8333333333333334,1,0,0,0,0.8333333333333334,0,0.6666666666666666,0,0.5,0.5,13,5,0.07692307692307693,0.1,0.5,0.06923076923076923,0.01,0.05,63.46153846153846,45,61.61538461538461
2° Trimestre 2024 (Abril - Junio),Administración Central y Desconcentrada,Procuración del Tesoro de la Nación,0.6666666666666666,0,0.8333333333333334,0.75,0.5,0.6666666666666666,0.6666666666666666,0,1,0,0.5,0,0,0,0,0,0,0,0,0.6666666666666666,12,6,0.08333333333333333,0.08333333333333333,0.5,0.075,0.008333333333333333,0.05,46.52777777777778,33.33333333333333,45.20833333333333
2° Trimestre 2024 (Abril - Junio),Organismos Descentralizados,Fondo Nacional de las Artes,0.3333333333333333,0,0,0,0,0,0,0,0,0,0,0,0,0,0,0,0,0,1,0.3333333333333333,13,6,0.07692307692307693,0.08333333333333333,0.5,0.06923076923076923,0.008333333333333333,0.05,2.564102564102564,25,4.807692307692308
2° Trimestre 2024 (Abril - Junio),Empresas Públicas,Agua y Saneamientos Argentinos,0.6666666666666666,0.3333333333333333,0.08333333333333333,0,0,0,0.8333333333333334,0,0.8333333333333334,0.8333333333333334,1,0,0,0,0.6666666666666666,0,0,0,0.6666666666666666,0,12,5,0.08333333333333333,0.1,0.5,0.075,0.01,0.05,38.19444444444444,13.333333333333334,35.70833333333333
2° Trimestre 2024 (Abril - Junio),Administración Central y Desconcentrada,Ministerio de Justicia,1,1,1,0.9166666666666666,0.6666666666666666,1,1,1,1,0.8333333333333334,1,1,1,0,0,0,0,0,0,0.6666666666666666,13,6,0.07692307692307693,0.08333333333333333,0.5,0.06923076923076923,0.008333333333333333,0.05,95.51282051282048,33.33333333333333,89.2948717948718
2° Trimestre 2024 (Abril - Junio),Empresas Públicas,Administración General de Puertos S.E.,1,1,1,0.75,0,1,0.5,0,0.5,0.8333333333333334,1,1,1,1,1,0,1,0,1,0,12,6,0.08333333333333333,0.08333333333333333,0.5,0.075,0.008333333333333333,0.05,79.86111111111113,33.33333333333333,75.20833333333331
2° Trimestre 2024 (Abril - Junio),Administración Central y Desconcentrada,Ministerio de Seguridad,0,1,1,0.8333333333333334,0.5,0.8333333333333334,0.8333333333333334,1,1,0.5833333333333334,1,1,0,0,0,0,0.3333333333333333,0,0,0.6666666666666666,13,6,0.07692307692307693,0.08333333333333333,0.5,0.06923076923076923,0.008333333333333333,0.05,73.7179487179487,36.11111111111111,69.95726495726495
2° Trimestre 2024 (Abril - Junio),Organismos Descentralizados,Instituto Nacional de Rehabilitación Psicofísica del Sur Dr. Juan Otimio Tesone,0.3333333333333333,0.3333333333333333,0.08333333333333333,0,0,0,0,0,0,0,0,0,0,0,0,0,0,0,0,0.3333333333333333,13,6,0.07692307692307693,0.08333333333333333,0.5,0.06923076923076923,0.008333333333333333,0.05,5.769230769230769,16.666666666666664,6.8589743589743595
2° Trimestre 2024 (Abril - Junio),Organismos Descentralizados,Ente Nacional Regulador del Gas,0.6666666666666666,1,0.75,0.8333333333333334,0.5,1,1,1,0.8333333333333334,0,1,0,1,0,0.8333333333333334,0,0.6666666666666666,0,0.8333333333333334,0.6666666666666666,13,6,0.07692307692307693,0.08333333333333333,0.5,0.06923076923076923,0.008333333333333333,0.05,73.7179487179487,52.77777777777778,71.62393162393163
2° Trimestre 2024 (Abril - Junio),Organismos Descentralizados,Banco Nacional de Datos Genéticos,0.3333333333333333,0.5,0.5,0.25,0.5,0.6666666666666666,0.3333333333333333,0,1,0,0.5,0,0,0,0,0,0,0,0,0.3333333333333333,12,6,0.08333333333333333,0.08333333333333333,0.5,0.075,0.008333333333333333,0.05,38.19444444444444,16.666666666666664,36.04166666666666
2° Trimestre 2024 (Abril - Junio),Universidades,Universidad de Buenos Aires,0.6666666666666666,1,0.75,0,0.5,0,0.5,0.6666666666666666,1,0.8333333333333334,0,0,0,0,0,0,0.6666666666666666,0,0,1,13,5,0.07692307692307693,0.1,0.5,0.06923076923076923,0.01,0.05,45.51282051282051,56.666666666666664,46.628205128205124
2° Trimestre 2024 (Abril - Junio),Organismos Descentralizados,Instituto Nacional de Semillas,0.3333333333333333,0.3333333333333333,1,0.8333333333333334,0.5,1,0.8333333333333334,0,1,0,0.5,0,0,0,0,0,0,0,0.8333333333333334,0.6666666666666666,13,6,0.07692307692307693,0.08333333333333333,0.5,0.06923076923076923,0.008333333333333333,0.05,48.71794871794872,40.27777777777778,47.873931623931625
2° Trimestre 2024 (Abril - Junio),Empresas Públicas,BICE - Fideicomisos,0.6666666666666666,0.6666666666666666,0.08333333333333333,0,0,0,0.3333333333333333,0,0.6666666666666666,0.4166666666666667,0,0,0,0,0.5,0,0,0,0.5,0,13,5,0.07692307692307693,0.1,0.5,0.06923076923076923,0.01,0.05,21.794871794871796,10,20.61538461538462
2° Trimestre 2024 (Abril - Junio),Empresas Públicas,Aerolíneas Argentinas S.A.,1,0.6666666666666666,0.75,0.8333333333333334,0.5,0,0.5,0,0.6666666666666666,0,0.8333333333333334,0,0,0,1,0,1,0,1,0,13,5,0.07692307692307693,0.1,0.5,0.06923076923076923,0.01,0.05,44.230769230769226,30.000000000000004,42.807692307692314
2° Trimestre 2024 (Abril - Junio),Administración Central y Desconcentrada,Ministerio de Salud,1,1,1,1,0.8333333333333334,1,1,1,1,0.8333333333333334,1,1,1,1,1,1,1,1,1,1,13,6,0.07692307692307693,0.08333333333333333,0.5,0.06923076923076923,0.008333333333333333,0.05,97.43589743589742,100,97.69230769230768
2° Trimestre 2024 (Abril - Junio),Administración Central y Desconcentrada,Ministerio de Defensa,1,1,1,0.9166666666666666,1,1,1,1,1,0.8333333333333334,1,1,0,0,0,0,0,0,0.8333333333333334,0.6666666666666666,12,6,0.08333333333333333,0.08333333333333333,0.5,0.075,0.008333333333333333,0.05,97.91666666666667,40.27777777777778,92.15277777777774
2° Trimestre 2024 (Abril - Junio),Organismos Descentralizados,Ente Nacional de Obras Hídricas de Saneamiento,0.6666666666666666,0,0,0,0.5,1,0.16666666666666666,0,1,0.6666666666666666,0.5,0,0,0,0,0,0,0,0,0.6666666666666666,11,6,0.09090909090909091,0.08333333333333333,0.5,0.08181818181818182,0.008333333333333333,0.05,40.90909090909091,33.33333333333333,40.15151515151515
2° Trimestre 2024 (Abril - Junio),Organismos Descentralizados,Instituto Nacional de la Propiedad Industrial,0.3333333333333333,0.6666666666666666,0.5,0,0,0,0,0,1,0.5833333333333334,0.8333333333333334,0,0,0,0,0,0.3333333333333333,0,0,0,12,6,0.08333333333333333,0.08333333333333333,0.5,0.075,0.008333333333333333,0.05,32.638888888888886,2.7777777777777777,29.65277777777778
2° Trimestre 2024 (Abril - Junio),Empresas Públicas,Banco de Inversión y Comercio Exterior,0.6666666666666666,0.6666666666666666,0.75,0.8333333333333334,0.5,0,0.5,0,1,0.3333333333333333,0.8333333333333334,0,0,0,0.8333333333333334,0,0,0.3333333333333333,0.8333333333333334,0,13,5,0.07692307692307693,0.1,0.5,0.06923076923076923,0.01,0.05,46.79487179487179,20,44.11538461538462
2° Trimestre 2024 (Abril - Junio),Organismos Descentralizados,Instituto Nacional de Investigación y Desarrollo Pesquero,0.6666666666666666,0,0.8333333333333334,0.3333333333333333,0.5,0.5,0,0,1,0,0.8333333333333334,0,0,0,0,0,0,0,0.8333333333333334,0.3333333333333333,13,6,0.07692307692307693,0.08333333333333333,0.5,0.06923076923076923,0.008333333333333333,0.05,35.8974358974359,23.61111111111111,34.66880341880342
2° Trimestre 2024 (Abril - Junio),Organismos Descentralizados,"Caja de Retiros, Jubilaciones y Pensiones de la Policía Federal",0.6666666666666666,0.6666666666666666,0.75,0.8333333333333334,0,0.6666666666666666,0.8333333333333334,0,0.8333333333333334,0,0,0,0,0,0.8333333333333334,0,0,0,0,0.6666666666666666,13,6,0.07692307692307693,0.08333333333333333,0.5,0.06923076923076923,0.008333333333333333,0.05,40.38461538461538,40.27777777777778,40.37393162393163
2° Trimestre 2024 (Abril - Junio),Organismos Descentralizados,Administración Nacional de Laboratorios e Institutos de Salud Dr. Carlos G. Malbrán,0.6666666666666666,0,0.75,0.6666666666666666,0.5,0.8333333333333334,0.8333333333333334,0,0.8333333333333334,0.25,0.8333333333333334,0,0,0,0,0,0,0,0,0.6666666666666666,12,6,0.08333333333333333,0.08333333333333333,0.5,0.075,0.008333333333333333,0.05,51.388888888888886,33.33333333333333,49.58333333333333
2° Trimestre 2024 (Abril - Junio),Organismos Descentralizados,Agencia Federal de Inteligencia,0.6666666666666666,0,0,0,0,0,0,0,0,0,0,0,0,0,0,0,0,0,0,0,12,6,0.08333333333333333,0.08333333333333333,0.5,0.075,0.008333333333333333,0.05,5.555555555555555,0,5
2° Trimestre 2024 (Abril - Junio),Organismos Descentralizados,Dirección Nacional de Migraciones,0.6666666666666666,0.6666666666666666,0,0,0.5,0.5,0.5,0,1,0,0.5,0,0,0,0,0,0.3333333333333333,0,0,0.6666666666666666,12,6,0.08333333333333333,0.08333333333333333,0.5,0.075,0.008333333333333333,0.05,36.11111111111111,36.11111111111111,36.11111111111111
2° Trimestre 2024 (Abril - Junio),Universidades,Universidad Nacional de Entre Ríos,0.6666666666666666,0.6666666666666666,0.75,0.25,0.5,0.8333333333333334,0.5,0,1,0.6666666666666666,0.5,0,1,0,0,1,0,1,0,0.6666666666666666,13,5,0.07692307692307693,0.1,0.5,0.06923076923076923,0.01,0.05,56.41025641025641,53.333333333333336,56.10256410256411
2° Trimestre 2024 (Abril - Junio),Organismos Descentralizados,Autoridad Regulatoria Nuclear,0.6666666666666666,1,0.8333333333333334,0.5,0,0.3333333333333333,0,0,0.8333333333333334,0,0.5,0,0,0.3333333333333333,0,0.8333333333333334,0,0.6666666666666666,0.5,0.6666666666666666,13,6,0.07692307692307693,0.08333333333333333,0.5,0.06923076923076923,0.008333333333333333,0.05,35.89743589743589,52.77777777777778,37.58547008547008
2° Trimestre 2024 (Abril - Junio),Organismos Descentralizados,Instituto Nacional de Tecnología Agropecuaria,1,1,0.8333333333333334,0.75,1,0.6666666666666666,1,0,0.8333333333333334,0.8333333333333334,1,1,0,1,1,1,1,0,0,0.6666666666666666,11,6,0.09090909090909091,0.08333333333333333,0.5,0.08181818181818182,0.008333333333333333,0.05,90.15151515151516,66.66666666666666,87.80303030303031
2° Trimestre 2024 (Abril - Junio),Organismos Descentralizados,Agencia Nacional de Materiales Controlados,0.6666666666666666,1,0,0,0.5,0.5,0.6666666666666666,0,0.8333333333333334,0.6666666666666666,0.5,0,0,0,0,0.8333333333333334,0.5,0,0.8333333333333334,0.6666666666666666,12,6,0.08333333333333333,0.08333333333333333,0.5,0.075,0.008333333333333333,0.05,44.44444444444445,51.388888888888886,45.138888888888886
2° Trimestre 2024 (Abril - Junio),Universidades,Universidad Nacional de General Sarmiento,0.6666666666666666,0.6666666666666666,0.08333333333333333,0.16666666666666666,0,0.5,0.3333333333333333,0.5,0.8333333333333334,0.5,0,0,0.6666666666666666,0,0,0,0.5,0,0,0,13,5,0.07692307692307693,0.1,0.5,0.06923076923076923,0.01,0.05,37.82051282051281,5,34.53846153846154
2° Trimestre 2024 (Abril - Junio),Entes del Sector Público Nacional,Comisión Nacional Antidopaje,0.6666666666666666,0.6666666666666666,0.5833333333333334,0.8333333333333334,0.5,1,0,0,0.8333333333333334,0,1,1,0,1,0,0,0,0,0,0.6666666666666666,13,6,0.07692307692307693,0.08333333333333333,0.5,0.06923076923076923,0.008333333333333333,0.05,54.487179487179496,41.666666666666664,53.20512820512819
2° Trimestre 2024 (Abril - Junio),Organismos Descentralizados,Instituto Nacional de Asociativismo y Ministerio de Economía Social,0,0.5,0.4166666666666667,0.5833333333333334,0.75,1,0.8333333333333334,0.5,1,0,0.5,0,0,0,1,0,0,0,0,0,13,6,0.07692307692307693,0.08333333333333333,0.5,0.06923076923076923,0.008333333333333333,0.05,46.794871794871796,8.333333333333332,42.94871794871795
2° Trimestre 2024 (Abril - Junio),Organismos Descentralizados,"Instituto Nacional contra la Discriminación, la Xenofobia y el Racismo",0,0,0,0,0,0,0,0,0,0,0,0,0,0,0,0,0,0,0,0,13,6,0.07692307692307693,0.08333333333333333,0.5,0.06923076923076923,0.008333333333333333,0.05,0,0,0
2° Trimestre 2024 (Abril - Junio),Empresas Públicas,Casa de Moneda S.E.,1,1,1,0.9166666666666666,0.5,0.8333333333333334,0.5,0,0.8333333333333334,0,1,0,0,0,0.8333333333333334,0,0,0,0.5,0,11,5,0.09090909090909091,0.1,0.5,0.08181818181818182,0.01,0.05,68.93939393939394,13.333333333333336,63.37878787878787
2° Trimestre 2024 (Abril - Junio),Organismos Descentralizados,Biblioteca Nacional Mariano Moreno,0.6666666666666666,0.6666666666666666,0,0,0,0,0,0,0,0,0,0,0,0,0,0,0,0,0,0.6666666666666666,13,6,0.07692307692307693,0.08333333333333333,0.5,0.06923076923076923,0.008333333333333333,0.05,10.256410256410255,33.33333333333333,12.564102564102564
2° Trimestre 2024 (Abril - Junio),Empresas Públicas,Banco de la Nación Argentina,0,0.3333333333333333,0.8333333333333334,0,0.5,0,0.5,0,0.8333333333333334,0.5833333333333334,1,0,0,0,0.5,0,0,0.6666666666666666,0.6666666666666666,0,13,5,0.07692307692307693,0.1,0.5,0.06923076923076923,0.01,0.05,35.256410256410255,18.333333333333336,33.56410256410257
2° Trimestre 2024 (Abril - Junio),Organismos Descentralizados,Administración Nacional de Aviación Civil,0.6666666666666666,0.6666666666666666,0.8333333333333334,0.9166666666666666,0.5,0.6666666666666666,0.8333333333333334,0,1,0,0.5,0,0,0,0,0,0.6666666666666666,0,0,0.6666666666666666,12,6,0.08333333333333333,0.08333333333333333,0.5,0.075,0.008333333333333333,0.05,54.86111111111111,38.888888888888886,53.26388888888888
2° Trimestre 2024 (Abril - Junio),Organismos Descentralizados,Instituto Nacional Central Único Coordinador de Ablación e Implante,0.3333333333333333,0,0.5,0.8333333333333334,0.5,0.6666666666666666,0.8333333333333334,0,1,0.5833333333333334,0.8333333333333334,0,0,0,0,0,0,0,0,0.3333333333333333,13,6,0.07692307692307693,0.08333333333333333,0.5,0.06923076923076923,0.008333333333333333,0.05,46.794871794871796,16.666666666666664,43.78205128205129
2° Trimestre 2024 (Abril - Junio),Organismos Descentralizados,Agencia Nacional de Seguridad Vial,0.6666666666666666,0.6666666666666666,1,0.8333333333333334,1,1,0.8333333333333334,0,1,0.8333333333333334,0.8333333333333334,0,0,0,0,0,0.6666666666666666,0,0.8333333333333334,0.6666666666666666,12,6,0.08333333333333333,0.08333333333333333,0.5,0.075,0.008333333333333333,0.05,72.22222222222221,45.83333333333333,69.58333333333333
2° Trimestre 2024 (Abril - Junio),Entes del Sector Público Nacional,Corporación Antiguo Puerto Madero S.A.,0,0,0,0,0,0,0,0,0.16666666666666666,0,0.16666666666666666,0,0,0,0,0,0,0,0,0,13,5,0.07692307692307693,0.1,0.5,0.06923076923076923,0.01,0.05,2.564102564102564,0,2.307692307692308
2° Trimestre 2024 (Abril - Junio),Organismos Descentralizados,Agencia de Administración de Bienes del Estado,0,0.5,0,0,0.5,0.6666666666666666,0.6666666666666666,0,0.8333333333333334,0.4166666666666667,0.5,0,0,0,1,0,0,0,0,0,11,6,0.09090909090909091,0.08333333333333333,0.5,0.08181818181818182,0.008333333333333333,0.05,37.121212121212125,8.333333333333332,34.24242424242425
2° Trimestre 2024 (Abril - Junio),Entes del Sector Público Nacional,Corporación del Mercado Central de Bs. As.,0.6666666666666666,0.5,0.4166666666666667,0,0,0,0,0,0.8333333333333334,0,0,0,0,0,0,0,0,0,0,0.6666666666666666,13,5,0.07692307692307693,0.1,0.5,0.06923076923076923,0.01,0.05,18.58974358974359,33.33333333333333,20.064102564102566
2° Trimestre 2024 (Abril - Junio),Organismos Descentralizados,Comisión Nacional de Actividades Espaciales,0.6666666666666666,0.5,0.75,0.8333333333333334,0.5,0.5,0.8333333333333334,0,1,0,0.8333333333333334,0,0,0,0,0.8333333333333334,0,0,0,0.6666666666666666,12,6,0.08333333333333333,0.08333333333333333,0.5,0.075,0.008333333333333333,0.05,53.47222222222222,40.27777777777778,52.15277777777778
2° Trimestre 2024 (Abril - Junio),Entes del Sector Público Nacional,Corporación Interestadual Pulmarí,0.6666666666666666,0,0,0,0,0,0,0,0,0,0,0,0,0,0,0,0,0,0,0.3333333333333333,13,5,0.07692307692307693,0.1,0.5,0.06923076923076923,0.01,0.05,5.128205128205128,16.666666666666664,6.282051282051282
2° Trimestre 2024 (Abril - Junio),Empresas Públicas,Banco Hipotecario S.A.,0,0.6666666666666666,0.25,0,0,0,0.6666666666666666,0,0,0.6666666666666666,0,0,0,0,0.5,0,0,0,0.8333333333333334,0,13,5,0.07692307692307693,0.1,0.5,0.06923076923076923,0.01,0.05,17.307692307692307,13.333333333333336,16.910256410256412
2° Trimestre 2024 (Abril - Junio),Empresas Públicas,Nación Bursátil S.A.,0.6666666666666666,0.3333333333333333,0.08333333333333333,0.16666666666666666,0,0,0.3333333333333333,0,0,0.3333333333333333,0.16666666666666666,0,0,0,0.5,0,0,0,0.5,0,13,5,0.07692307692307693,0.1,0.5,0.06923076923076923,0.01,0.05,16.025641025641026,10,15.423076923076929
2° Trimestre 2024 (Abril - Junio),Administración Central y Desconcentrada,Archivo Nacional de la Memoria,0.6666666666666666,0.6666666666666666,0.4166666666666667,0,0,0,0,0,0,0,0,0,0,0,0,0,0,0,0,0.6666666666666666,13,6,0.07692307692307693,0.08333333333333333,0.5,0.06923076923076923,0.008333333333333333,0.05,13.461538461538462,33.33333333333333,15.448717948717949
2° Trimestre 2024 (Abril - Junio),Organismos Descentralizados,Instituto Geográfico Nacional,0.3333333333333333,0.16666666666666666,0.4166666666666667,0.25,0.3333333333333333,0.3333333333333333,0.6666666666666666,0,0,0,0.8333333333333334,0,0,0,0,0,0,0,0,0,13,6,0.07692307692307693,0.08333333333333333,0.5,0.06923076923076923,0.008333333333333333,0.05,25.64102564102564,0,23.076923076923077
2° Trimestre 2024 (Abril - Junio),Universidades,Universidad Nacional del Sur,0,0.6666666666666666,0.4166666666666667,0,0,0.8333333333333334,0.3333333333333333,0.8333333333333334,0.8333333333333334,0.8333333333333334,0,0,0.6666666666666666,0,0,0,0.8333333333333334,0,1,0.6666666666666666,13,5,0.07692307692307693,0.1,0.5,0.06923076923076923,0.01,0.05,41.66666666666667,51.66666666666666,42.66666666666667
2° Trimestre 2024 (Abril - Junio),Administración Central y Desconcentrada,Comisión Nacional de Comercio Exterior,1,0.6666666666666666,0.8333333333333334,0.9166666666666666,0.5,1,0.8333333333333334,0,1,0.8333333333333334,1,1,0,1,0,0,0,0,0.5,0.6666666666666666,11,6,0.09090909090909091,0.08333333333333333,0.5,0.08181818181818182,0.008333333333333333,0.05,87.12121212121214,45.83333333333333,82.99242424242424
2° Trimestre 2024 (Abril - Junio),Empresas Públicas,Nación Seguros de Retiros S.A.,0.6666666666666666,0.6666666666666666,0.5,0,0.5,0,0,0,0.6666666666666666,0,0.6666666666666666,0,0,0,0.6666666666666666,0,0,0,0,0,13,5,0.07692307692307693,0.1,0.5,0.06923076923076923,0.01,0.05,28.205128205128204,6.666666666666667,26.051282051282048
2° Trimestre 2024 (Abril - Junio),Empresas Públicas,Nación ReaSeguros S.A.,0.6666666666666666,0.16666666666666666,0.5,0.16666666666666666,0.5,1,0,0,1,0,0.6666666666666666,0,0,0,0.6666666666666666,0,0,0,0,0,13,5,0.07692307692307693,0.1,0.5,0.06923076923076923,0.01,0.05,35.8974358974359,6.666666666666667,32.97435897435898
2° Trimestre 2024 (Abril - Junio),Empresas Públicas,Correo Argentino S.A.,0.6666666666666666,0.6666666666666666,1,0.8333333333333334,0,1,0.6666666666666666,0.5,1,0.8333333333333334,0.8333333333333334,0,0,0,1,0,1,1,1,0,12,5,0.08333333333333333,0.1,0.5,0.075,0.01,0.05,66.66666666666666,40,64
2° Trimestre 2024 (Abril - Junio),Organismos Descentralizados,Instituto de Ayuda Financiera para Pago de Retiros y Pensiones Militares,0.6666666666666666,0.6666666666666666,0.9166666666666666,1,0.5,1,0.8333333333333334,0,1,0.8333333333333334,1,0,0,0,0,0.8333333333333334,0,0.6666666666666666,1,0,12,6,0.08333333333333333,0.08333333333333333,0.5,0.075,0.008333333333333333,0.05,70.1388888888889,20.833333333333332,65.20833333333333
2° Trimestre 2024 (Abril - Junio),Administración Central y Desconcentrada,"Ministerio de Relaciones Exteriores, Comercio Internacional y Culto",0,1,1,1,0.5,0.5,0.5,0,1,0,0.8333333333333334,0,0,0,0,0,0,0,0,0,12,6,0.08333333333333333,0.08333333333333333,0.5,0.075,0.008333333333333333,0.05,52.77777777777778,0,47.49999999999999
2° Trimestre 2024 (Abril - Junio),Empresas Públicas,Nucleoeléctrica Argentina S.A.,0.6666666666666666,0.6666666666666666,0.4166666666666667,0.75,0.5,0.6666666666666666,0.8333333333333334,0.8333333333333334,1,0.8333333333333334,0.5,0,0,0,1,1,0,1,0.6666666666666666,0,13,5,0.07692307692307693,0.1,0.5,0.06923076923076923,0.01,0.05,58.97435897435898,36.66666666666667,56.74358974358975
2° Trimestre 2024 (Abril - Junio),Empresas Públicas,Nación Servicios S.A.,0.6666666666666666,1,0.08333333333333333,0.5,0.5,0.6666666666666666,0,0,0.6666666666666666,0,0.6666666666666666,0,0,0,0.5,0,0,0,0,0,13,5,0.07692307692307693,0.1,0.5,0.06923076923076923,0.01,0.05,36.53846153846153,5,33.38461538461539
2° Trimestre 2024 (Abril - Junio),Empresas Públicas,DIOXITEK S.A.,0,0.3333333333333333,0,0.5833333333333334,0.5,0.5,0.5,0,1,0.4166666666666667,0.5,0,0,0,0.6666666666666666,0,0,0,0,0,13,5,0.07692307692307693,0.1,0.5,0.06923076923076923,0.01,0.05,33.333333333333336,6.666666666666667,30.666666666666664
2° Trimestre 2024 (Abril - Junio),Empresas Públicas,Nación Seguros S.A.,0.6666666666666666,0.6666666666666666,0.4166666666666667,0.5,0.5,1,0.5,0,0.8333333333333334,0,0.8333333333333334,0,0,0,0.6666666666666666,0,0,0,0,0,13,5,0.07692307692307693,0.1,0.5,0.06923076923076923,0.01,0.05,45.512820512820504,6.666666666666667,41.628205128205124
2° Trimestre 2024 (Abril - Junio),Organismos Descentralizados,Comisión Nacional de Valores,0.6666666666666666,1,0.6666666666666666,0.9166666666666666,0.5,1,0.8333333333333334,0,0.8333333333333334,0.8333333333333334,0.8333333333333334,1,0.6666666666666666,0,0,0,0,0,0.8333333333333334,0.6666666666666666,12,6,0.08333333333333333,0.08333333333333333,0.5,0.075,0.008333333333333333,0.05,81.25,40.27777777777778,77.15277777777777
2° Trimestre 2024 (Abril - Junio),Empresas Públicas,Pellegrini S.A.,0.6666666666666666,0.6666666666666666,0.08333333333333333,0.16666666666666666,0,0,0.3333333333333333,0,0,0,0,0,0,0,0,0,0.6666666666666666,0,0.5,0,13,5,0.07692307692307693,0.1,0.5,0.06923076923076923,0.01,0.05,14.743589743589745,11.666666666666666,14.435897435897438
2° Trimestre 2024 (Abril - Junio),Organismos Descentralizados,Hospital Nacional y Comunidad Dr. Ramón Carrillo,0.3333333333333333,0.5,0.4166666666666667,0.5833333333333334,0.75,0.6666666666666666,0.5,0,1,0,0.8333333333333334,0,0,0,0,0,0,0,0,0,13,6,0.07692307692307693,0.08333333333333333,0.5,0.06923076923076923,0.008333333333333333,0.05,42.94871794871795,0,38.65384615384616
2° Trimestre 2024 (Abril - Junio),Empresas Públicas,Empresa Argentina de Soluciones Satelitales Sociedad Anónima (ARSAT S.A.),1,1,0.75,0.9166666666666666,0,1,0.8333333333333334,0.6666666666666666,0.8333333333333334,0,1,1,0,1,1,0,0,0,0,0,13,6,0.07692307692307693,0.08333333333333333,0.5,0.06923076923076923,0.008333333333333333,0.05,69.23076923076923,16.666666666666664,63.97435897435898
2° Trimestre 2024 (Abril - Junio),Organismos Descentralizados,Administración de Parques Nacionales,1,1,1,0.8333333333333334,0.5,1,1,0.8333333333333334,1,0.5833333333333334,1,1,0,0,0,0,0,0,0,0.6666666666666666,12,6,0.08333333333333333,0.08333333333333333,0.5,0.075,0.008333333333333333,0.05,89.58333333333334,33.33333333333333,83.95833333333331
2° Trimestre 2024 (Abril - Junio),Universidades,Universidad Nacional de Córdoba,0.6666666666666666,0.6666666666666666,0.5833333333333334,0,0,0,0.3333333333333333,0,0.8333333333333334,0.8333333333333334,0,0,0.3333333333333333,0,0,0.5,0.5,0.6666666666666666,0.3333333333333333,0,13,5,0.07692307692307693,0.1,0.5,0.06923076923076923,0.01,0.05,32.69230769230769,20,31.42307692307693
2° Trimestre 2024 (Abril - Junio),Organismos Descentralizados,Centro Internacional para la Promoción de los Derechos Humanos,0.6666666666666666,0.6666666666666666,0.6666666666666666,0,0.5,1,0.8333333333333334,0,0.8333333333333334,0.75,0.8333333333333334,1,0,0,0,0.8333333333333334,0,0,0.8333333333333334,0.6666666666666666,12,6,0.08333333333333333,0.08333333333333333,0.5,0.075,0.008333333333333333,0.05,64.58333333333333,47.22222222222222,62.84722222222221
2° Trimestre 2024 (Abril - Junio),Organismos Descentralizados,Hospital Nacional en Red Especializado en Salud Mental y Adicciones Lic. Laura Bonaparte,0.6666666666666666,0.6666666666666666,0.6666666666666666,0.8333333333333334,0.75,1,1,0.6666666666666666,1,0.8333333333333334,0.6666666666666666,0,0,0,0.6666666666666666,0.6666666666666666,0.6666666666666666,0,1,0.6666666666666666,13,6,0.07692307692307693,0.08333333333333333,0.5,0.06923076923076923,0.008333333333333333,0.05,67.3076923076923,58.33333333333333,66.41025641025642
2° Trimestre 2024 (Abril - Junio),Empresas Públicas,COVIARA,0.6666666666666666,0.6666666666666666,1,0.75,0.5,0.5,0,0,1,0,0.8333333333333334,1,0,0,0,0,0,0,0,0,11,5,0.09090909090909091,0.1,0.5,0.08181818181818182,0.01,0.05,62.87878787878789,0,56.59090909090909
2° Trimestre 2024 (Abril - Junio),Organismos Descentralizados,Comisión Nacional de Evaluación y Acreditación Universitaria,0.6666666666666666,0.6666666666666666,0.8333333333333334,0,0,0,0.8333333333333334,0,1,0.6666666666666666,0.8333333333333334,0,0,0,0,0.8333333333333334,0,0,0,0,13,6,0.07692307692307693,0.08333333333333333,0.5,0.06923076923076923,0.008333333333333333,0.05,42.30769230769231,6.944444444444445,38.77136752136752
2° Trimestre 2024 (Abril - Junio),Entes del Sector Público Nacional,Ente Nacional de Alto Rendimiento Deportivo,0.6666666666666666,0.6666666666666666,0.16666666666666666,0.16666666666666666,0,0,0.6666666666666666,0,0,0.6666666666666666,0,0,0,0,0.5,0,0,0,0.8333333333333334,0.6666666666666666,13,5,0.07692307692307693,0.1,0.5,0.06923076923076923,0.01,0.05,23.076923076923073,46.666666666666664,25.435897435897438
2° Trimestre 2024 (Abril - Junio),Empresas Públicas,Contenidos Públicos S.E.,0.6666666666666666,0.6666666666666666,0,0,0,0,0,0,0.6666666666666666,0,0,0,0.3333333333333333,0,0,0,0,0,0,0,13,5,0.07692307692307693,0.1,0.5,0.06923076923076923,0.01,0.05,17.94871794871795,0,16.153846153846153
2° Trimestre 2024 (Abril - Junio),Organismos Descentralizados,Hospital Nacional Baldomero Sommer,0.3333333333333333,0.16666666666666666,0.4166666666666667,0,0.5,0.6666666666666666,0.8333333333333334,0,1,0.8333333333333334,0.5,0,0,0,0,0,0,0,0,0.3333333333333333,13,6,0.07692307692307693,0.08333333333333333,0.5,0.06923076923076923,0.008333333333333333,0.05,40.38461538461539,16.666666666666664,38.01282051282052
2° Trimestre 2024 (Abril - Junio),Universidades,Universidad Nacional de Arturo Jauretche,0.6666666666666666,0.5,0.4166666666666667,0,0,0,0,0,0.5,0,0,0,0,0,0,0.8333333333333334,0,0.6666666666666666,0.8333333333333334,0.6666666666666666,13,5,0.07692307692307693,0.1,0.5,0.06923076923076923,0.01,0.05,16.025641025641026,56.666666666666664,20.089743589743588
2° Trimestre 2024 (Abril - Junio),Administración Central y Desconcentrada,Servicio Penitenciario Federal,0.6666666666666666,0.6666666666666666,0,0,0,0,0,0,0.5,0,0,0,0,0,0,0,0.6666666666666666,0,0,0.6666666666666666,13,6,0.07692307692307693,0.08333333333333333,0.5,0.06923076923076923,0.008333333333333333,0.05,14.102564102564102,38.888888888888886,16.58119658119658
2° Trimestre 2024 (Abril - Junio),Empresas Públicas,Fabricaciones Militares S.E.,0.6666666666666666,0.6666666666666666,0.08333333333333333,0.75,0.5,0,0.3333333333333333,0.5,0.8333333333333334,0.5,0.5,0.5,0,0,0.6666666666666666,0,0,0,0,0,13,5,0.07692307692307693,0.1,0.5,0.06923076923076923,0.01,0.05,44.87179487179487,6.666666666666667,41.05128205128205
2° Trimestre 2024 (Abril - Junio),Entes del Sector Público Nacional,Ente Regulador de Agua y Saneamiento,0.6666666666666666,1,0.5,0.5,0.5,0.5,0.16666666666666666,0,0.8333333333333334,0.4166666666666667,0.5,0,1,0,0.6666666666666666,0,0.6666666666666666,0,0,0.6666666666666666,12,5,0.08333333333333333,0.1,0.5,0.075,0.01,0.05,54.861111111111114,46.666666666666664,54.041666666666664
2° Trimestre 2024 (Abril - Junio),Administración Central y Desconcentrada,Secretaría Legal y Técnica,1,0.6666666666666666,1,0.75,0.5,1,0.8333333333333334,0,0.8333333333333334,0.8333333333333334,0.8333333333333334,1,0,0,0,0,0,0,0,0.6666666666666666,12,6,0.08333333333333333,0.08333333333333333,0.5,0.075,0.008333333333333333,0.05,77.08333333333333,33.33333333333333,72.70833333333331
2° Trimestre 2024 (Abril - Junio),Empresas Públicas,Innovaciones Tecnológicas Agropecuarias S.A.,0.6666666666666666,0,0.4166666666666667,0.75,0.5,0.6666666666666666,0.5,0,1,0.5,0.6666666666666666,0,0,0,0,0,0,0,0.6666666666666666,0,11,5,0.09090909090909091,0.1,0.5,0.08181818181818182,0.01,0.05,51.515151515151516,6.666666666666667,47.03030303030303
2° Trimestre 2024 (Abril - Junio),Administración Central y Desconcentrada,Secretaría de Prensa,0,0,0,0,0,0,0.5,0,1,0,0.8333333333333334,0,0,0,0,0,0,0,0,0.6666666666666666,10,6,0.1,0.08333333333333333,0.5,0.09,0.008333333333333333,0.05,23.333333333333336,33.33333333333333,24.333333333333336
2° Trimestre 2024 (Abril - Junio),Empresas Públicas,Corredores Viales S.A.,0.6666666666666666,0.6666666666666666,0.4166666666666667,0.6666666666666666,1,0.6666666666666666,0.8333333333333334,0,1,0.4166666666666667,0.8333333333333334,0,0,0,0.6666666666666666,1,0,0,0.6666666666666666,0,13,5,0.07692307692307693,0.1,0.5,0.06923076923076923,0.01,0.05,55.12820512820513,23.333333333333332,51.94871794871795
2° Trimestre 2024 (Abril - Junio),Administración Central y Desconcentrada,Secretaría General de Presidencia,0.6666666666666666,0,0,0.8333333333333334,0.5,0.6666666666666666,0.8333333333333334,0,1,0,0.5,0,0,0,0,0,0,0,0,0.6666666666666666,12,6,0.08333333333333333,0.08333333333333333,0.5,0.075,0.008333333333333333,0.05,41.666666666666664,33.33333333333333,40.83333333333333
2° Trimestre 2024 (Abril - Junio),Organismos Descentralizados,Administración Federal de Ingresos Públicos,0,0.6666666666666666,0.8333333333333334,0.8333333333333334,0.5,1,1,0,1,0.5833333333333334,1,0,0,0,0.5,0,1,0,0,0.3333333333333333,12,6,0.08333333333333333,0.08333333333333333,0.5,0.075,0.008333333333333333,0.05,61.80555555555556,29.166666666666664,58.54166666666667
2° Trimestre 2024 (Abril - Junio),Universidades,Universidad Nacional de Avellaneda,0.6666666666666666,0.6666666666666666,0.5,0,0,0,0,0,0,0,0,0,0,0,0,0.8333333333333334,0,0.3333333333333333,0,0,13,5,0.07692307692307693,0.1,0.5,0.06923076923076923,0.01,0.05,14.102564102564102,11.666666666666666,13.858974358974358
2° Trimestre 2024 (Abril - Junio),Organismos Descentralizados,"Instituto Nacional Juan D. Perón  de Estudios e Investigaciones Históricas, Sociales y Políticas",1,0.6666666666666666,0.4166666666666667,0,0,0,0,0,0,0,0,0,0,0,0,0,0,0,0,0,13,6,0.07692307692307693,0.08333333333333333,0.5,0.06923076923076923,0.008333333333333333,0.05,16.025641025641026,0,14.423076923076925
2° Trimestre 2024 (Abril - Junio),Organismos Descentralizados,Ente Nacional de Comunicaciones,0.6666666666666666,1,0.4166666666666667,0.5,0.5,0,0,0,0.8333333333333334,0,0.5,0,0,0,1,0,0.6666666666666666,0,0.8333333333333334,0.6666666666666666,13,6,0.07692307692307693,0.08333333333333333,0.5,0.06923076923076923,0.008333333333333333,0.05,33.97435897435898,54.166666666666664,35.99358974358975
2° Trimestre 2024 (Abril - Junio),Administración Central y Desconcentrada,Instituto Nacional de Estadística y Censos,1,1,1,1,0.5,1,0.8333333333333334,0,1,0.8333333333333334,1,1,0,0,1,1,1,1,1,1,12,6,0.08333333333333333,0.08333333333333333,0.5,0.075,0.008333333333333333,0.05,84.72222222222223,91.66666666666666,85.41666666666666
2° Trimestre 2024 (Abril - Junio),Entes del Sector Público Nacional,Instituto Nacional de Cine y Artes Audiovisuales,0,0.6666666666666666,0.5,0.6666666666666666,0.5,0.5,0.6666666666666666,0.6666666666666666,1,0.8333333333333334,1,1,0.3333333333333333,0,0,0,0.6666666666666666,0,0.8333333333333334,0.6666666666666666,13,5,0.07692307692307693,0.1,0.5,0.06923076923076923,0.01,0.05,64.1025641025641,48.333333333333336,62.52564102564102
2° Trimestre 2024 (Abril - Junio),Organismos Descentralizados,Ente Nacional Regulador de la Electricidad,1,1,1,0.9166666666666666,0.6666666666666666,1,1,0,1,0.8333333333333334,1,0,1,0,0,0,1,0,0.6666666666666666,0.6666666666666666,12,6,0.08333333333333333,0.08333333333333333,0.5,0.075,0.008333333333333333,0.05,86.80555555555556,47.22222222222222,82.8472222222222
2° Trimestre 2024 (Abril - Junio),Entes del Sector Público Nacional,Instituto de Obra Social de las Fuerzas Armadas,1,1,0.5,0.8333333333333334,0.5,0.8333333333333334,1,0,1,0,0.5,0,0,0,0.6666666666666666,0,0,0.6666666666666666,1,0.6666666666666666,13,5,0.07692307692307693,0.1,0.5,0.06923076923076923,0.01,0.05,55.12820512820513,56.666666666666664,55.282051282051285
2° Trimestre 2024 (Abril - Junio),Organismos Descentralizados,Ente Nacional de Control y Gestión de la Vía Navegable,0.3333333333333333,0.6666666666666666,0.08333333333333333,0.16666666666666666,0,0,0,0,0,0,0,0,0,0,0,0,0,0,0,0,13,6,0.07692307692307693,0.08333333333333333,0.5,0.06923076923076923,0.008333333333333333,0.05,9.615384615384617,0,8.653846153846155
2° Trimestre 2024 (Abril - Junio),Universidades,Universidad Nacional de Catamarca,0.6666666666666666,0.3333333333333333,0.4166666666666667,0,0,0,0,0.16666666666666666,0.6666666666666666,0.3333333333333333,0,0,0,0,0,0.8333333333333334,0.3333333333333333,0,0.8333333333333334,0.6666666666666666,13,5,0.07692307692307693,0.1,0.5,0.06923076923076923,0.01,0.05,19.871794871794872,53.333333333333336,23.217948717948715
2° Trimestre 2024 (Abril - Junio),Entes del Sector Público Nacional,Instituto Nacional de la Yerba Mate,0.6666666666666666,0.6666666666666666,0,0,0,0,0,0,0,0,0,0,0,0,0,0,0.6666666666666666,0,0,0.6666666666666666,13,5,0.07692307692307693,0.1,0.5,0.06923076923076923,0.01,0.05,10.256410256410255,40,13.230769230769232
2° Trimestre 2024 (Abril - Junio),Empresas Públicas,EDUC.AR S.E.,0.6666666666666666,0.6666666666666666,0,0,0,0,0,0,0,0,0,0,0,0,0,0,0,0,0,0,13,5,0.07692307692307693,0.1,0.5,0.06923076923076923,0.01,0.05,10.256410256410255,0,9.230769230769232
2° Trimestre 2024 (Abril - Junio),Organismos Descentralizados,Instituto Nacional de Vitivinicultura,0.6666666666666666,0.6666666666666666,0.6666666666666666,0.75,0.5,1,0.5,0,1,0.4166666666666667,1,0,0,0,0,0,0.6666666666666666,0,0,0.6666666666666666,13,6,0.07692307692307693,0.08333333333333333,0.5,0.06923076923076923,0.008333333333333333,0.05,55.12820512820513,38.888888888888886,53.504273504273506
2° Trimestre 2024 (Abril - Junio),Universidades,Universidad Nacional de Chilecito,0,0.6666666666666666,0.5833333333333334,0,0,0,0.3333333333333333,0.5,0,0.6666666666666666,0,0,0,0,0,0,0,0,0,0,13,5,0.07692307692307693,0.1,0.5,0.06923076923076923,0.01,0.05,21.153846153846157,0,19.038461538461537
2° Trimestre 2024 (Abril - Junio),Entes del Sector Público Nacional,Instituto Nacional de la Música,0.6666666666666666,0.6666666666666666,0.5,0,0,0,0,0,0.3333333333333333,0,0,0,0.6666666666666666,0,0,0,0,0,0.8333333333333334,0.6666666666666666,13,6,0.07692307692307693,0.08333333333333333,0.5,0.06923076923076923,0.008333333333333333,0.05,21.794871794871796,40.27777777777778,23.64316239316239
2° Trimestre 2024 (Abril - Junio),Empresas Públicas,LT10 - Radio de la Universidad Nacional del Litoral  S.A.,0.6666666666666666,0.6666666666666666,0.16666666666666666,0,0,0,0,0,0,0,0.5,0,0,0,0,0,0,0,0,0,13,6,0.07692307692307693,0.08333333333333333,0.5,0.06923076923076923,0.008333333333333333,0.05,15.384615384615385,0,13.846153846153847
2° Trimestre 2024 (Abril - Junio),Organismos Descentralizados,Dirección Nacional de Vialidad,0,0.6666666666666666,1,0.5,0.5,0.6666666666666666,0.8333333333333334,0,1,0.5833333333333334,0.5,0,0.6666666666666666,0,0.8333333333333334,0,0.3333333333333333,0,0,0.6666666666666666,12,6,0.08333333333333333,0.08333333333333333,0.5,0.075,0.008333333333333333,0.05,57.638888888888886,43.05555555555555,56.18055555555556
2° Trimestre 2024 (Abril - Junio),Universidades,Universidad Nacional de Cuyo,0.6666666666666666,0.6666666666666666,0.8333333333333334,0.8333333333333334,0.5,1,0,0.3333333333333333,1,0.9166666666666666,0.8333333333333334,1,0,0,0,1,0.6666666666666666,1,1,1,13,5,0.07692307692307693,0.1,0.5,0.06923076923076923,0.01,0.05,66.02564102564104,86.66666666666667,68.08974358974359
2° Trimestre 2024 (Abril - Junio),Organismos Descentralizados,Instituto Nacional del Agua,1,1,1,1,0.5,1,1,0,1,0.8333333333333334,1,1,0,0,1,1,0,0,0,1,12,6,0.08333333333333333,0.08333333333333333,0.5,0.075,0.008333333333333333,0.05,86.11111111111111,66.66666666666666,84.16666666666666
2° Trimestre 2024 (Abril - Junio),Universidades,Universidad Nacional de Formosa,0,0.6666666666666666,0.08333333333333333,0,0,0,0,0,0,0.6666666666666666,0,0,0,0,0,0.8333333333333334,0,0.6666666666666666,0,0,13,5,0.07692307692307693,0.1,0.5,0.06923076923076923,0.01,0.05,10.897435897435898,15.000000000000002,11.307692307692308
2° Trimestre 2024 (Abril - Junio),Organismos Descentralizados,Agencia Regulatoria de la Industria del Cáñamo y del Cannabis Medicinal,0.3333333333333333,0,0.16666666666666666,0,0,0,0,0,0,0,0,0,0,0,0,0,0,0,0,0,13,6,0.07692307692307693,0.08333333333333333,0.5,0.06923076923076923,0.008333333333333333,0.05,3.8461538461538463,0,3.4615384615384617
2° Trimestre 2024 (Abril - Junio),Empresas Públicas,YPF S.A.,0.6666666666666666,0.6666666666666666,0.4166666666666667,0,0,0,0.6666666666666666,0,0,0.6666666666666666,0,0,0,0,0.5,0,0,0,0,0,13,5,0.07692307692307693,0.1,0.5,0.06923076923076923,0.01,0.05,23.717948717948715,5,21.846153846153847
2° Trimestre 2024 (Abril - Junio),Empresas Públicas,YPF Gas S.A.,0,0.6666666666666666,0,0,0,0,0,0,0,0,0,0,0,0,0,0,0,0,0,0,13,5,0.07692307692307693,0.1,0.5,0.06923076923076923,0.01,0.05,5.128205128205128,0,4.615384615384616
2° Trimestre 2024 (Abril - Junio),Entes del Sector Público Nacional,Yacimientos Mineros Agua de Dionisio,0.6666666666666666,0.6666666666666666,0.25,0,0,0,0,0,0,0,0,0,0,0,0,0,0,0,0,0.6666666666666666,13,5,0.07692307692307693,0.1,0.5,0.06923076923076923,0.01,0.05,12.179487179487179,33.33333333333333,14.294871794871794
2° Trimestre 2024 (Abril - Junio),Empresas Públicas,Yacimientos Carboníferos Río Turbio,0,0,0,0,0,0,0,0,0.6666666666666666,0,0,0,0,0,0,0,0,0,0,0,13,5,0.07692307692307693,0.1,0.5,0.06923076923076923,0.01,0.05,5.128205128205128,0,4.615384615384616
2° Trimestre 2024 (Abril - Junio),Empresas Públicas,VENG S.A.,0.6666666666666666,0.5,0,0,0,0,0,0,0,0,0,0,0,0,0.5,0,0,0,0,0,13,5,0.07692307692307693,0.1,0.5,0.06923076923076923,0.01,0.05,8.974358974358974,5,8.576923076923078
2° Trimestre 2024 (Abril - Junio),Administración Central y Desconcentrada,Ministerio de Economía,1,1,1,1,0.5,1,1,1,1,1,1,1,1,1,1,0,1,0,1,0.6666666666666666,13,6,0.07692307692307693,0.08333333333333333,0.5,0.06923076923076923,0.008333333333333333,0.05,96.15384615384612,66.66666666666666,93.20512820512819
2° Trimestre 2024 (Abril - Junio),Empresas Públicas,Trenes Argentinos Cargas,0,0.6666666666666666,0.9166666666666666,0.75,1,1,0.8333333333333334,0,1,0.8333333333333334,1,0,0,0,0.6666666666666666,0,0,0,0.6666666666666666,0,12,5,0.08333333333333333,0.1,0.5,0.075,0.01,0.05,66.66666666666666,13.333333333333334,61.33333333333333
2° Trimestre 2024 (Abril - Junio),Universidades,Universidad Nacional de Jujuy,0,0.6666666666666666,0.25,0,0,0,0.16666666666666666,0.5,0.8333333333333334,0.6666666666666666,0,0,0,0,0,0,0,0,0.8333333333333334,0,13,5,0.07692307692307693,0.1,0.5,0.06923076923076923,0.01,0.05,23.717948717948715,8.333333333333334,22.179487179487182
2° Trimestre 2024 (Abril - Junio),Organismos Descentralizados,Administración Nacional de la Seguridad Social,1,1,1,1,0.5,0.8333333333333334,1,1,1,0.9166666666666666,0.8333333333333334,0.8333333333333334,1,0,1,0,1,0,1,0.6666666666666666,13,6,0.07692307692307693,0.08333333333333333,0.5,0.06923076923076923,0.008333333333333333,0.05,91.66666666666666,58.33333333333333,88.33333333333333
2° Trimestre 2024 (Abril - Junio),Universidades,Universidad Nacional Guillermo Brown,0.6666666666666666,0.6666666666666666,0.4166666666666667,0,0,0,0,0,0.8333333333333334,0,0,0,0,0,0,0,0,0,0,0,13,5,0.07692307692307693,0.1,0.5,0.06923076923076923,0.01,0.05,19.871794871794872,0,17.884615384615387
2° Trimestre 2024 (Abril - Junio),Empresas Públicas,Empresa Argentina de Navegación Aérea S.E.,0.6666666666666666,0.6666666666666666,0,0,0.5,0.5,0.5,0,0.8333333333333334,0,1,0,0,0,0.5,0,0.6666666666666666,0,0.6666666666666666,0,12,5,0.08333333333333333,0.1,0.5,0.075,0.01,0.05,38.888888888888886,18.333333333333336,36.833333333333336
2° Trimestre 2024 (Abril - Junio),Organismos Descentralizados,"Administración Nacional de Medicamentos, Alimentos y Tecnología Médica",1,1,1,0.8333333333333334,0.5,0.8333333333333334,1,0,1,0.8333333333333334,0.8333333333333334,1,0,0,0.5,1,0,0,0,1,12,6,0.08333333333333333,0.08333333333333333,0.5,0.075,0.008333333333333333,0.05,81.94444444444446,62.5,80
2° Trimestre 2024 (Abril - Junio),Universidades,Instituto Universitario Nacional de Derechos Humanos Madres de Plaza de Mayo,0.6666666666666666,0.6666666666666666,0.08333333333333333,0,0,0,0,0,0,0,0,0,0,0,0,0,0,0,0,0,13,5,0.07692307692307693,0.1,0.5,0.06923076923076923,0.01,0.05,10.897435897435898,0,9.807692307692308
2° Trimestre 2024 (Abril - Junio),Universidades,Universidad Nacional de Quilmes,1,1,1,0.9166666666666666,1,0.8333333333333334,1,0.8333333333333334,1,0.8333333333333334,1,1,1,0,0,1,0,0,0.6666666666666666,1,13,5,0.07692307692307693,0.1,0.5,0.06923076923076923,0.01,0.05,95.51282051282051,66.66666666666667,92.62820512820512
2° Trimestre 2024 (Abril - Junio),Organismos Descentralizados,Organismo Regulador del Sistema Nacional de Aeropuertos,1,0,1,0,0.5,0.6666666666666666,0.3333333333333333,0,1,0,1,0,0,0,0,0,0.8333333333333334,0,0,1,12,6,0.08333333333333333,0.08333333333333333,0.5,0.075,0.008333333333333333,0.05,45.83333333333333,56.94444444444444,46.94444444444445
2° Trimestre 2024 (Abril - Junio),Organismos Descentralizados,Organismo Regulador de Seguridad de Presas,0.6666666666666666,0.6666666666666666,1,0.8333333333333334,1,1,1,0,1,0.8333333333333334,0.8333333333333334,1,0,0,0,0,0,0,0,0.6666666666666666,12,6,0.08333333333333333,0.08333333333333333,0.5,0.075,0.008333333333333333,0.05,81.94444444444444,33.33333333333333,77.08333333333333
2° Trimestre 2024 (Abril - Junio),Empresas Públicas,Energía Argentina S.A.,0.6666666666666666,0.6666666666666666,0.08333333333333333,0,0,0,0,0,0.8333333333333334,0,0,0,0,0,0.6666666666666666,0,0,0.3333333333333333,0,0,13,5,0.07692307692307693,0.1,0.5,0.06923076923076923,0.01,0.05,17.307692307692307,10,16.576923076923077
2° Trimestre 2024 (Abril - Junio),Empresas Públicas,Playas Ferroviarias de Buenos Aires S.A.,0.6666666666666666,0,0.08333333333333333,0.16666666666666666,0.5,0,0,0,1,0,0.5,0,0,0,0.6666666666666666,0,0,0,0,0,13,5,0.07692307692307693,0.1,0.5,0.06923076923076923,0.01,0.05,22.435897435897438,6.666666666666667,20.858974358974358
2° Trimestre 2024 (Abril - Junio),Empresas Públicas,Fábrica Argentina de Aviones S.A.,0.6666666666666666,0.3333333333333333,0.4166666666666667,0.6666666666666666,0.5,0.6666666666666666,0.5,0,0,0,1,1,0,0,0.6666666666666666,0,0,0,1,0,13,5,0.07692307692307693,0.1,0.5,0.06923076923076923,0.01,0.05,44.230769230769226,16.666666666666668,41.47435897435898
2° Trimestre 2024 (Abril - Junio),Organismos Descentralizados,Agencia Nacional de Discapacidad,1,0.6666666666666666,1,0.8333333333333334,0.5,1,1,0,1,0,0.8333333333333334,0,0,0,0,0,0.8333333333333334,0,0,0,13,6,0.07692307692307693,0.08333333333333333,0.5,0.06923076923076923,0.008333333333333333,0.05,60.25641025641026,6.944444444444445,54.92521367521367
2° Trimestre 2024 (Abril - Junio),Empresas Públicas,TANDANOR SACIyN,0.6666666666666666,0.6666666666666666,0.08333333333333333,0,0,0,0,0,0,0,0.16666666666666666,0,0,0,0.5,0,0,0,0,0,13,5,0.07692307692307693,0.1,0.5,0.06923076923076923,0.01,0.05,12.179487179487179,5,11.461538461538463
2° Trimestre 2024 (Abril - Junio),Universidades,Universidad de la Defensa Nacional,0.6666666666666666,0.6666666666666666,0.08333333333333333,0,0,0,0,0,1,0,0,0,0,0,0,0,0,0,0,0,13,5,0.07692307692307693,0.1,0.5,0.06923076923076923,0.01,0.05,18.58974358974359,0,16.730769230769234
2° Trimestre 2024 (Abril - Junio),Universidades,Universidad Nacional de Tucumán,0,0.6666666666666666,0.6666666666666666,0,0,0.8333333333333334,0.5,0.8333333333333334,0.8333333333333334,0.6666666666666666,0,0,0,0,0,0.8333333333333334,0,0,0,0.6666666666666666,13,5,0.07692307692307693,0.1,0.5,0.06923076923076923,0.01,0.05,38.46153846153847,41.666666666666664,38.78205128205129
2° Trimestre 2024 (Abril - Junio),Entes del Sector Público Nacional,Registro Nacional de Trabajadores Rurales y Empleadores Agrarios,0.6666666666666666,0.6666666666666666,0.08333333333333333,0,0,0,0,0,0,0,0,0,0,0,0,0,0.6666666666666666,0,0,0.6666666666666666,13,6,0.07692307692307693,0.08333333333333333,0.5,0.06923076923076923,0.008333333333333333,0.05,10.897435897435898,38.888888888888886,13.696581196581198
2° Trimestre 2024 (Abril - Junio),Entes del Sector Público Nacional,Instituto Nacional de Servicios Sociales para Jubilados y Pensionados (PAMI),1,1,1,1,0.5,0.5,1,1,1,1,1,0.6666666666666666,1,0,0.6666666666666666,1,0,0,0,0.6666666666666666,13,5,0.07692307692307693,0.1,0.5,0.06923076923076923,0.01,0.05,89.74358974358974,50,85.76923076923076
2° Trimestre 2024 (Abril - Junio),Universidades,Universidad Nacional de Moreno,0.6666666666666666,0.6666666666666666,0.6666666666666666,0.5,0,0,0.3333333333333333,0.5,0.6666666666666666,0.5,0,0,0.3333333333333333,0,0,0.8333333333333334,0.3333333333333333,0,0,0.6666666666666666,13,5,0.07692307692307693,0.1,0.5,0.06923076923076923,0.01,0.05,37.17948717948718,44.99999999999999,37.96153846153846
2° Trimestre 2024 (Abril - Junio),Entes del Sector Público Nacional,Instituto Nacional de Promoción Turística,0.6666666666666666,0,0,0,0,0.5,0.5,0,0.6666666666666666,0,0,0,0,0,0,0,0,0,0,0,13,5,0.07692307692307693,0.1,0.5,0.06923076923076923,0.01,0.05,17.948717948717945,0,16.153846153846153
2° Trimestre 2024 (Abril - Junio),Empresas Públicas,Radio y Televisión Argentina S.E.,0.6666666666666666,0.6666666666666666,0,0.5,0.5,1,0.6666666666666666,0,0.8333333333333334,0.8333333333333334,0.6666666666666666,0,0,0,0.5,0,0,0,0.8333333333333334,0,12,5,0.08333333333333333,0.1,0.5,0.075,0.01,0.05,52.77777777777777,13.333333333333336,48.83333333333333
2° Trimestre 2024 (Abril - Junio),Organismos Descentralizados,"Agencia Nacional de Promoción de la Investigación, el Desarrollo Tecnológico y la Innovación",0.3333333333333333,0,1,0.8333333333333334,0.5,1,0,0,1,0,0.5,0,0,0,0,0.8333333333333334,0,0,0.5,0.3333333333333333,12,6,0.08333333333333333,0.08333333333333333,0.5,0.075,0.008333333333333333,0.05,43.05555555555555,27.77777777777778,41.52777777777777
2° Trimestre 2024 (Abril - Junio),Empresas Públicas,SRT de la Universidad Nacional de Córdoba S.A.,0,0.5,0,0,0,0,0,0,0,0,0,0,0,0,0,0,0,0,0,0,13,5,0.07692307692307693,0.1,0.5,0.06923076923076923,0.01,0.05,3.8461538461538463,0,3.4615384615384617
2° Trimestre 2024 (Abril - Junio),Organismos Descentralizados,Comisión Nacional de Energía Atómica,0.3333333333333333,0.6666666666666666,0.8333333333333334,0.8333333333333334,0.5,0.5,0.5,0,1,0.4166666666666667,0.5,0,0,0,0,0,0,0,0,0.6666666666666666,13,6,0.07692307692307693,0.08333333333333333,0.5,0.06923076923076923,0.008333333333333333,0.05,46.794871794871796,33.33333333333333,45.44871794871794
2° Trimestre 2024 (Abril - Junio),Organismos Descentralizados,Servicio Geológico Minero Argentino,1,1,0.8333333333333334,0.8333333333333334,0.6666666666666666,1,1,0,1,0.8333333333333334,1,0,0,1,0,0,0,0,0,0.6666666666666666,12,6,0.08333333333333333,0.08333333333333333,0.5,0.075,0.008333333333333333,0.05,76.3888888888889,41.666666666666664,72.91666666666666
2° Trimestre 2024 (Abril - Junio),Universidades,Universidad Nacional de San Luis,0.6666666666666666,0.6666666666666666,0.6666666666666666,0,0,0,0.3333333333333333,0.5,0.8333333333333334,0.6666666666666666,0,0,0,0,0,0.8333333333333334,0.6666666666666666,0,0.5,0,13,5,0.07692307692307693,0.1,0.5,0.06923076923076923,0.01,0.05,33.33333333333333,20,32.00000000000001
2° Trimestre 2024 (Abril - Junio),Organismos Descentralizados,Sindicatura General de la Nación,1,0.6666666666666666,1,1,0.5,1,1,0,1,0.8333333333333334,1,1,0,1,0.5,0.5,0,0,0.8333333333333334,0.6666666666666666,11,6,0.09090909090909091,0.08333333333333333,0.5,0.08181818181818182,0.008333333333333333,0.05,90.90909090909093,56.94444444444444,87.51262626262626
2° Trimestre 2024 (Abril - Junio),Entes del Sector Público Nacional,Superintendencia de Bienestar de la Policía Federal Argentina,0,0.6666666666666666,0.08333333333333333,0.5,0,0,0.3333333333333333,0,0.8333333333333334,0,0,0,0,0,0,0,0,0,0,0.6666666666666666,13,5,0.07692307692307693,0.1,0.5,0.06923076923076923,0.01,0.05,18.58974358974359,33.33333333333333,20.064102564102566
2° Trimestre 2024 (Abril - Junio),Organismos Descentralizados,Superintendencia de Servicios de Salud,1,0.6666666666666666,1,1,1,1,1,0.8333333333333334,1,0.8333333333333334,1,0.6666666666666666,0,1,1,1,1,0.6666666666666666,0,0.6666666666666666,13,6,0.07692307692307693,0.08333333333333333,0.5,0.06923076923076923,0.008333333333333333,0.05,84.6153846153846,72.22222222222221,83.37606837606837
2° Trimestre 2024 (Abril - Junio),Empresas Públicas,Trenes Argentinos Capital Humano,1,0,1,0.9166666666666666,0.5,1,1,0,0.8333333333333334,0.8333333333333334,1,1,0,0,1,0,0,0,0,0,10,5,0.1,0.1,0.5,0.09,0.01,0.05,90.83333333333333,10,82.74999999999999
2° Trimestre 2024 (Abril - Junio),Empresas Públicas,Trenes Argentinos Infraestructura,0.6666666666666666,0.6666666666666666,0.9166666666666666,0.9166666666666666,0,1,0.5,0,1,0.4166666666666667,1,0,1,0,0.5,0,0,0,0.6666666666666666,0,12,5,0.08333333333333333,0.1,0.5,0.075,0.01,0.05,67.36111111111111,11.666666666666666,61.791666666666664
2° Trimestre 2024 (Abril - Junio),Empresas Públicas,Trenes Argentinos Operaciones,1,1,1,0.9166666666666666,1,1,1,0,1,0.8333333333333334,1,1,0,0,1,0,1,0,1,0,11,5,0.09090909090909091,0.1,0.5,0.08181818181818182,0.01,0.05,97.72727272727273,30.000000000000004,90.95454545454544
2° Trimestre 2024 (Abril - Junio),Organismos Descentralizados,Servicio Meteorológico Nacional,1,0,0.75,0.8333333333333334,0.5,0.5,0.6666666666666666,0,0.8333333333333334,0,0.8333333333333334,0,0,0,0,1,1,1,0,1,12,6,0.08333333333333333,0.08333333333333333,0.5,0.075,0.008333333333333333,0.05,49.30555555555555,75,51.87500000000001
2° Trimestre 2024 (Abril - Junio),Organismos Descentralizados,Tribunal Fiscal de la Nación,0.6666666666666666,1,0.6666666666666666,0.5833333333333334,0.5,1,0.8333333333333334,0.6666666666666666,1,0,0.6666666666666666,1,0,0,0,0,0.6666666666666666,0,0.8333333333333334,0.6666666666666666,12,6,0.08333333333333333,0.08333333333333333,0.5,0.075,0.008333333333333333,0.05,71.52777777777779,45.83333333333333,68.95833333333331
2° Trimestre 2024 (Abril - Junio),Organismos Descentralizados,Comisión Nacional de Regulación del Transporte,0.6666666666666666,0.16666666666666666,0.9166666666666666,0.8333333333333334,1,0.8333333333333334,1,0,1,0.8333333333333334,1,1,0,0,0,0,0.5,0,0,0.3333333333333333,12,6,0.08333333333333333,0.08333333333333333,0.5,0.075,0.008333333333333333,0.05,77.08333333333334,20.833333333333332,71.45833333333333
2° Trimestre 2024 (Abril - Junio),Universidades,Universidad Nacional de la Patagonia San Juan Bosco,0,0.6666666666666666,0.75,0.6666666666666666,0.5,0.8333333333333334,0.8333333333333334,0,1,0.6666666666666666,0.8333333333333334,0,0,0,0,0.5,0,0,0,1,13,5,0.07692307692307693,0.1,0.5,0.06923076923076923,0.01,0.05,51.92307692307693,55.00000000000001,52.23076923076923
2° Trimestre 2024 (Abril - Junio),Universidades,Universidad Nacional de La Matanza,0.6666666666666666,0.6666666666666666,0.4166666666666667,0,0,0,0,0.16666666666666666,0.8333333333333334,0.3333333333333333,0,0,0,0,0,0,0,0,0,0.6666666666666666,13,5,0.07692307692307693,0.1,0.5,0.06923076923076923,0.01,0.05,23.71794871794872,33.33333333333333,24.679487179487182
2° Trimestre 2024 (Abril - Junio),Universidades,Universidad Nacional de los Comechingones,0,0.6666666666666666,0.75,0,0,0,0,0.6666666666666666,1,0,0,0,0,0,0,0.6666666666666666,0,0.6666666666666666,0,0,13,5,0.07692307692307693,0.1,0.5,0.06923076923076923,0.01,0.05,23.717948717948715,13.333333333333334,22.679487179487182
2° Trimestre 2024 (Abril - Junio),Universidades,Universidad Nacional de Misiones,1,1,0.9166666666666666,0.9166666666666666,0.5,1,0.8333333333333334,0,1,0.75,1,1,0,0,0,1,1,0,0,1,13,6,0.07692307692307693,0.08333333333333333,0.5,0.06923076923076923,0.008333333333333333,0.05,76.28205128205127,66.66666666666666,75.32051282051282
2° Trimestre 2024 (Abril - Junio),Organismos Descentralizados,Consejo Nacional de Investigaciones Científicas y Técnicas,1,0.8333333333333334,1,0.8333333333333334,1,1,1,0,1,0.8333333333333334,1,1,0,1,1,1,0.8333333333333334,0,1,0.6666666666666666,12,6,0.08333333333333333,0.08333333333333333,0.5,0.075,0.008333333333333333,0.05,87.50000000000001,73.6111111111111,86.1111111111111
2° Trimestre 2024 (Abril - Junio),Universidades,Universidad Nacional de Hurlingham,1,0.8333333333333334,0.9166666666666666,0.8333333333333334,0.5,0.8333333333333334,0.5,0,1,0.8333333333333334,0.8333333333333334,0,0,0,0,1,1,1,1,0.6666666666666666,13,5,0.07692307692307693,0.1,0.5,0.06923076923076923,0.01,0.05,62.17948717948718,73.33333333333334,63.294871794871796
2° Trimestre 2024 (Abril - Junio),Universidades,Universidad Nacional de José Clemente Paz,0.6666666666666666,0.6666666666666666,0.5833333333333334,0,0,0.6666666666666666,0.5,0.6666666666666666,0.8333333333333334,0.6666666666666666,0,0,0,0,0,0.8333333333333334,0,0.6666666666666666,0.5,0,13,5,0.07692307692307693,0.1,0.5,0.06923076923076923,0.01,0.05,40.38461538461539,20,38.346153846153854
2° Trimestre 2024 (Abril - Junio),Administración Central y Desconcentrada,Ministerio de Capital Humano,1,1,1,1,0.5,1,1,1,1,0.8333333333333334,1,1,0,0,0,0,1,0,1,0.6666666666666666,12,5,0.08333333333333333,0.1,0.5,0.075,0.01,0.05,94.44444444444446,53.333333333333336,90.33333333333331
2° Trimestre 2024 (Abril - Junio),Administración Central y Desconcentrada,Consejo Nacional de Coordinación de Políticas Sociales,1,0,1,0.8333333333333334,0.5,1,0,0,1,0,1,1,0,1,0,0,0.6666666666666666,0,0,0.6666666666666666,10,6,0.1,0.08333333333333333,0.5,0.09,0.008333333333333333,0.05,73.33333333333333,47.22222222222222,70.72222222222221
2° Trimestre 2024 (Abril - Junio),Universidades,Universidad Nacional de Río Cuarto,0.6666666666666666,0.6666666666666666,0.5833333333333334,0,0,0,0.3333333333333333,0.6666666666666666,0.8333333333333334,0.3333333333333333,0,0,0,0,0,0.8333333333333334,0.3333333333333333,0,0.5,0.6666666666666666,13,5,0.07692307692307693,0.1,0.5,0.06923076923076923,0.01,0.05,31.41025641025641,50,33.26923076923077
2° Trimestre 2024 (Abril - Junio),Universidades,Universidad Nacional de Tres de Febrero,0.6666666666666666,0.6666666666666666,0.5,0,0,0,0,0,0,0.5,0,0,0,0,0,0,0.3333333333333333,0,0,0,13,5,0.07692307692307693,0.1,0.5,0.06923076923076923,0.01,0.05,17.94871794871795,3.3333333333333335,16.487179487179485
2° Trimestre 2024 (Abril - Junio),Universidades,Universidad Nacional de Salta,0.6666666666666666,0.6666666666666666,0.6666666666666666,0,0,0.3333333333333333,0,0,0.8333333333333334,0.6666666666666666,0,0,0,0,0,0,0,0,0.8333333333333334,0,13,5,0.07692307692307693,0.1,0.5,0.06923076923076923,0.01,0.05,29.48717948717949,8.333333333333334,27.371794871794876
2° Trimestre 2024 (Abril - Junio),Universidades,Universidad Nacional de Luján,0.6666666666666666,1,0.9166666666666666,0,0,0,0,0,1,0.8333333333333334,0,0,0,0,0,0,0,0,0,0.6666666666666666,13,5,0.07692307692307693,0.1,0.5,0.06923076923076923,0.01,0.05,33.97435897435898,33.33333333333333,33.91025641025641
2° Trimestre 2024 (Abril - Junio),Universidades,Universidad Nacional Raúl Scalabrini Ortiz,0.6666666666666666,0.6666666666666666,0.4166666666666667,0,0,0,0,0,0,0,0,0,0,0,0,0,0,0,0,0,13,5,0.07692307692307693,0.1,0.5,0.06923076923076923,0.01,0.05,13.461538461538462,0,12.115384615384617
2° Trimestre 2024 (Abril - Junio),Universidades,Universidad Nacional de la Patagonia Austral,0,0.6666666666666666,0.4166666666666667,0,0,0,0.6666666666666666,0.5,0.8333333333333334,0.6666666666666666,0,0,0.3333333333333333,0,0,0.5,0,0,0,0.6666666666666666,13,5,0.07692307692307693,0.1,0.5,0.06923076923076923,0.01,0.05,31.410256410256416,38.33333333333333,32.1025641025641
2° Trimestre 2024 (Abril - Junio),Universidades,Universidad Nacional del Chaco Austral,0,0.6666666666666666,0.4166666666666667,0.5,0,0,0,0,0,0,0,0,0,0,0,0,0,0,0.3333333333333333,0,13,5,0.07692307692307693,0.1,0.5,0.06923076923076923,0.01,0.05,12.17948717948718,3.3333333333333335,11.294871794871796
2° Trimestre 2024 (Abril - Junio),Universidades,Universidad Nacional del Alto Uruguay,0.6666666666666666,0.6666666666666666,0.4166666666666667,0,0,0,0.3333333333333333,0,0.8333333333333334,0,0,0,0,0,0,0,0,0,0,0.5,13,5,0.07692307692307693,0.1,0.5,0.06923076923076923,0.01,0.05,22.435897435897434,25,22.692307692307693
2° Trimestre 2024 (Abril - Junio),Universidades,Universidad Nacional del Oeste,0.6666666666666666,0.6666666666666666,0.4166666666666667,0,0,0,0,0.6666666666666666,0.8333333333333334,0,0,0,0,0,0,0,0,0,0,0.6666666666666666,13,5,0.07692307692307693,0.1,0.5,0.06923076923076923,0.01,0.05,25,33.33333333333333,25.833333333333336
2° Trimestre 2024 (Abril - Junio),Organismos Descentralizados,Superintendencia de Riesgos del Trabajo,1,1,1,0.8333333333333334,0.5,0.8333333333333334,1,0,1,0.8333333333333334,1,0,0,0,0,0,1,0,0,1,12,6,0.08333333333333333,0.08333333333333333,0.5,0.075,0.008333333333333333,0.05,75.00000000000001,58.333333333333336,73.33333333333333
2° Trimestre 2024 (Abril - Junio),Universidades,Universidad Tecnológica Nacional,0.6666666666666666,0.6666666666666666,0.4166666666666667,0,0,0,0.6666666666666666,0,0,0,0,0,0,0,0,0,0,0,0,0,13,5,0.07692307692307693,0.1,0.5,0.06923076923076923,0.01,0.05,18.58974358974359,0,16.730769230769234
2° Trimestre 2024 (Abril - Junio),Universidades,Universidad Nacional de las Artes,0.6666666666666666,0.6666666666666666,0.5833333333333334,0,0,0,0,0,0.6666666666666666,0.5,0,0,0,0,0,0,0,0,0,0.5,13,5,0.07692307692307693,0.1,0.5,0.06923076923076923,0.01,0.05,23.71794871794872,25,23.846153846153847
2° Trimestre 2024 (Abril - Junio),Universidades,Universidad Nacional del Noroeste de la Provincia de Buenos Aires,0.6666666666666666,0.6666666666666666,0.75,0.5,0,0,0.5,0,0.8333333333333334,0.6666666666666666,0,0,0.6666666666666666,0,0,0.8333333333333334,0,0,0,0.6666666666666666,13,5,0.07692307692307693,0.1,0.5,0.06923076923076923,0.01,0.05,40.38461538461538,41.666666666666664,40.51282051282052
2° Trimestre 2024 (Abril - Junio),Universidades,Universidad Nacional del Nordeste,1,1,0.9166666666666666,0.9166666666666666,0.5,0.8333333333333334,0.5,0.5,1,0.8333333333333334,0.8333333333333334,0.8333333333333334,0,0,0,1,0.6666666666666666,0,0,0,13,5,0.07692307692307693,0.1,0.5,0.06923076923076923,0.01,0.05,74.35897435897436,16.666666666666668,68.5897435897436
2° Trimestre 2024 (Abril - Junio),Universidades,Universidad Nacional del Comahue,0,0.6666666666666666,0.4166666666666667,0,0,0.16666666666666666,0,0,0.8333333333333334,0,0,0,0,0,0,0,0.6666666666666666,0,0,0.6666666666666666,13,5,0.07692307692307693,0.1,0.5,0.06923076923076923,0.01,0.05,16.025641025641026,40,18.423076923076927
2° Trimestre 2024 (Abril - Junio),Universidades,Universidad Nacional de Pilar,0.6666666666666666,0.5,0.4166666666666667,0,0,0,0,0,0,0,0,0,0,0,0,0,0,0,0,0,13,5,0.07692307692307693,0.1,0.5,0.06923076923076923,0.01,0.05,12.17948717948718,0,10.961538461538462
2° Trimestre 2024 (Abril - Junio),Universidades,Universidad Nacional de Ezeiza,0.6666666666666666,0.6666666666666666,0.4166666666666667,0,0,0,0,0,0,0,0,0,0,0,0,0,0,0,0,0,13,5,0.07692307692307693,0.1,0.5,0.06923076923076923,0.01,0.05,13.461538461538462,0,12.115384615384617
2° Trimestre 2024 (Abril - Junio),Universidades,Universidad Nacional de Rosario,0.6666666666666666,0.6666666666666666,0.25,0,0,0,0,0,0.6666666666666666,0,0,0,0.6666666666666666,0,0,0.3333333333333333,0.5,0.3333333333333333,0,0.6666666666666666,13,5,0.07692307692307693,0.1,0.5,0.06923076923076923,0.01,0.05,22.435897435897434,44.99999999999999,24.69230769230769
2° Trimestre 2024 (Abril - Junio),Universidades,Universidad Nacional de La Pampa,0,0.6666666666666666,0.9166666666666666,0.8333333333333334,0,0.8333333333333334,0.5,0.8333333333333334,1,0.75,0,0,0.5,0,0,0.8333333333333334,0,0,0,0,13,5,0.07692307692307693,0.1,0.5,0.06923076923076923,0.01,0.05,52.56410256410257,8.333333333333334,48.14102564102565
